<?xml version="1.0" encoding="UTF-8"?>
<!DOCTYPE suite SYSTEM "http://testng.org/testng-1.0.dtd">
<suite name="ABBReliabilityCare Regression Test Suite">
<listeners>
  <listener class-name="com.wipro.abbrelcare.listeners.TestListeners"/> 
</listeners>

  <test name="ABBReliabilityCare Regression Test">
  <parameter name="browser" value="chrome"/>
    <classes>
      <class name="com.wipro.abbrelcare.regression.testcases.CreateNewProject"/>
    </classes>
  </test> <!-- ABBReliabilityCare Regression Test -->
</suite> <!-- ABBReliabilityCare Regression Test Suite -->
